弹幕出现时间,弹幕样式,字号,字体颜色,时间戳,弹幕池,发送者id,弹幕内容
15.77900,4,25,16707842,1662018480,0,d1324ab7,恭喜宝藏发现了你
39.67700,5,25,16707842,1662017716,0,dfd2b453,恭喜宝藏发现了你
20.45800,1,25,15138834,1661977477,0,c3e09763,恭喜宝藏发现了你
18.04700,1,25,16777215,1661954599,0,cb819618,恭喜宝藏发现了你
14.31900,1,25,16777215,1661951753,0,714ccee8,恭喜宝藏发现了你
15.42200,1,25,16777215,1661949540,0,57dd1f62,恭喜宝藏发现了你
15.91900,1,25,16777215,1661944505,0,af376334,恭喜宝藏发现了你
15.02200,5,25,15138834,1661938497,0,39e7334b,恭喜宝藏发现了你
7.73100,1,25,16777215,1661930484,0,b1b1da1d,恭喜宝藏发现了你
148.97900,1,25,16707842,1661910689,0,7059c840,恭喜宝藏发现了你
43.25000,1,25,16707842,1661868123,0,2c081ad6,恭喜宝藏发现了你
23.87000,1,25,15138834,1661858787,0,c777f6e3,恭喜宝藏发现了你
25.81700,1,25,16777215,1661848195,0,345b4055,好家伙我还以为是刀子
4.79500,1,25,16777215,1661842644,0,57ba687,恭喜宝藏发现了你
80.95800,5,25,16777215,1661827435,0,10df4c71,恭喜宝藏发现了你
19.89600,1,25,16777215,1661798476,0,dda300e5,恭喜宝藏发现了你
15.09900,1,25,16777215,1661785418,0,38dfef1d,恭喜宝藏发现了你
12.13900,1,25,16707842,1661785407,0,38dfef1d,恭喜宝藏发现了你
18.10300,1,25,16777215,1661768742,0,3880d549,恭喜宝藏发现了你
5.03900,1,25,15138834,1661761188,0,1395e93e,恭喜宝藏发现了你
13.28700,1,25,16777215,1661756813,0,8d82209c,恭喜宝藏发现了你
15.92000,1,25,16777215,1661748656,0,b6c0d00c,恭喜宝藏发现了你
9.68000,4,25,16707842,1659691960,0,f9f38c06,恭喜宝藏发现了你
17.43500,1,25,16777215,1662012130,0,e3d6aff7,恭喜宝藏发现了你
105.37900,1,25,16777215,1662009787,0,ec26db16,恭喜你发现了宝藏！恭喜你发现了宝藏！恭喜你发现了宝藏！恭喜你发现了宝藏！恭喜你发现了宝藏！恭喜你发现了宝藏！恭喜你发现了宝藏！恭喜你发现了宝藏！恭喜你发现了宝藏！恭喜你发现了宝藏！恭喜你发现了宝藏！
48.73900,1,25,16777215,1662009723,0,ec26db16,恭喜你发现了宝藏！恭喜你发现了宝藏！恭喜你发现了宝藏！恭喜你发现了宝藏！恭喜你发现了宝藏！恭喜你发现了宝藏！恭喜你发现了宝藏！恭喜你发现了宝藏！恭喜你发现了宝藏！恭喜你发现了宝藏！恭喜你发现了宝藏！恭
12.37900,1,25,16777215,1661979614,0,da78a0a8,恭喜宝藏发现了你
12.51400,1,25,16777215,1661918682,0,e7db9c7e,恭喜宝藏发现了你
3.61900,1,25,15138834,1661910965,0,8ec11546,恭喜宝藏发现了你
0.89900,1,25,16777215,1661908583,0,829d1d0b,恭喜宝藏发现了你
3.77000,1,25,2236962,1661836548,0,39edd57f,恭喜宝藏发现了你
45.13400,1,25,2236962,1661836449,0,39edd57f,恭喜宝藏发现了你
18.79500,1,25,16777215,1661836423,0,39edd57f,恭喜宝藏发现了你
87.99600,1,25,16707842,1661835868,0,5e458b2f,恭喜宝藏发现了你
0.67600,1,25,6830715,1661826240,0,d0f91ad,恭喜宝藏发现了你
25.60100,1,25,6830715,1661826181,0,d0f91ad,恭喜宝藏发现了你
174.84500,1,25,16707842,1661770643,0,c6a5f9ce,恭喜宝藏发现了你 
13.47900,1,25,16777215,1661733647,0,cf16c676,恭喜宝藏发现了你
101.94900,1,25,16777215,1661729929,0,e9191a3c,恭喜宝藏发现了你
78.89900,1,25,16707842,1661688922,0,d55fa57e,恭喜宝藏发现了你
15.51900,1,25,16777215,1661683272,0,6f5b70fb,恭喜宝藏发现了你
30.59900,1,25,16777215,1661774245,0,d4f37bca,恭喜宝藏发现了你
208.98800,1,25,16777215,1662022548,0,75248968,感动
22.96500,1,25,16777215,1662022369,0,cda8305c,黄
211.51800,1,25,16707842,1662021798,0,67f23a00,拒绝暴力（传下去！！！）
56.25900,1,25,16777215,1662020492,0,d29dc4a5,1阿巴阿巴
80.67900,1,25,15138834,1662019879,0,20f33de4,牛逼
78.11900,1,25,16777215,1662019866,0,20f33de4,牛
238.80800,1,25,16777215,1662019172,0,3af75f7e,拒绝网络暴力
224.97800,1,25,16777215,1662019158,0,3af75f7e,拒绝网络暴力米口
212.02700,1,25,16777215,1662019144,0,3af75f7e,拒绝网络暴力
7.17900,1,25,16777215,1662019022,0,bfb32f78,黄
38.81900,1,25,16777215,1662016304,0,e3a46749,为什么黄了
17.99900,1,25,16777215,1662015663,0,4c7081ee,绿
13.63900,1,25,16777215,1662015647,0,4c7081ee,？
29.75700,1,25,16777215,1662014157,0,110c7f0b,6
219.85300,1,25,16777215,1662013965,0,93a8a2ae,拒绝暴力（传下去！！！）拒绝暴力（传下去！！！）
54.94300,1,25,16777215,1662013547,0,c0bd8ab9,？？？？？？？
57.02300,1,25,38979,1662013009,0,c2535d13,绿
11.66300,1,25,16777215,1662011782,0,2bc0c5fc,绿
102.92200,1,25,38979,1662011221,0,d50468d,111
6.52300,1,25,15138834,1662010696,0,22d84ee,好！
81.28000,1,25,16707842,1662010565,0,db40dc86,黄
94.99600,1,25,16777215,1662010517,0,6b31527d,哎
64.82100,1,25,16777215,1662010026,0,fb7ca4c5, 。。。。。
40.76700,1,25,16777215,1662009948,0,f62e5a24,红
66.70700,1,25,16777215,1662009571,0,4f8e0ab4,及
82.53600,1,25,16776960,1662009403,0,95652603,与赌毒不共戴天
21.51200,1,25,16707842,1662009148,0,a156183c,黄
8.93700,1,25,16777215,1662008754,0,50a4d4f0,1
5.65900,1,25,16777215,1662008454,0,4095de0d,绿
104.53900,1,25,16777215,1662007693,0,57163703,是吗
14.81200,1,25,16777215,1662007619,0,fe04ac78,reoreoreo
221.45100,1,25,16777215,1662007293,0,1aa0e2b4,拒绝暴力
7.66300,1,25,16777215,1662006823,0,5a9c3482,黄
13.65400,1,25,52480,1662006793,0,1583539e,2233
32.19900,1,25,41194,1662005555,0,39201e8a,我不是黄哎~
22.10400,1,25,16777215,1662005472,0,e0237882,绿
216.49600,1,25,16777215,1662005267,0,a1364397,拒绝暴力（传下去！！！）
12.77500,1,25,16777215,1662004580,0,20e1cd3,..
18.34000,1,25,16777215,1662004191,0,f667faa,az
6.61300,1,25,16777215,1662004177,0,f667faa,？
31.59500,1,25,16777215,1662003750,0,901f75e5,。
88.09700,1,25,16777215,1662003022,0,860caf95,？
3.21900,1,25,38979,1662002749,0,bf258128,白
9.08700,1,25,16777215,1661999823,0,3e4f913f,？
15.82600,1,25,16707842,1661999102,0,37b976ef,黄
81.01900,1,25,16777215,1661998324,0,1cefc2d8,拒绝暴力
16.57900,1,25,16777215,1661998268,0,9892f74,黄
85.90700,1,25,16777215,1661997371,0,f3525e9e,？
18.91500,1,25,16707842,1661997005,0,373109e9,黄？。？
13.68800,1,25,16776960,1661996908,0,e9ce6aa0,黄
9.15600,1,18,16777215,1661996633,0,a8daaa71,不怕鬼畜惹人笑，就怕鬼畜有真奥
12.76200,1,25,16777215,1661996594,0,4d560f84,黄
65.12400,1,25,16777215,1661996161,0,bdc6f535,N
102.19900,1,25,16646914,1661994561,0,622ad923,？
88.47300,1,25,16777215,1661994544,0,622ad923,a
92.15100,1,25,16777215,1661994484,0,68960c72,？
209.26000,1,25,16777215,1661994480,0,a69252ed,拒绝网络暴力
239.51600,1,25,16777215,1661993347,0,6c564425,拒绝暴力
26.34400,1,25,16776960,1661992960,0,e85ccb,黄
223.56100,1,25,16777215,1661992719,0,720deb7f,啊这
241.94700,1,25,16776960,1661992445,0,5dce1060,拒绝暴力
243.02700,1,25,16777215,1661989052,0,f675446,拒绝暴力（传下去！！！）
16.77800,1,25,16777215,1661977455,0,c3e09763,每日不看心刺挠
92.31200,1,25,14811775,1661975498,0,7b56756b,wu！
89.61300,1,25,16777215,1661975489,0,7b56756b,wu！
2.02400,1,25,16777215,1661975115,0,7b56756b,黄
89.02000,1,25,15138834,1661967322,0,804502ed,；
92.73600,1,25,16777215,1661965106,0,5b404a2,白
229.05600,1,25,16707842,1661964722,0,29f9a862,拒绝网络暴力
219.98200,1,25,16777215,1661964066,0,1138328e,拒绝暴力（传下去！！！）
230.73900,1,25,16776960,1661963515,0,1138328e,拒绝暴力（传下去！！！）
13.21900,1,25,38979,1661963307,0,bf4df478,黄
44.43600,1,25,16777215,1661963295,0,2af01a59,针不戳
207.42200,1,25,16777215,1661963129,0,e578719d,让我们把不完美的世界变成你所期望的样子
82.30400,1,25,16777215,1661962979,0,e578719d,泪目了
56.46000,1,25,16777215,1661962701,0,7e286dde,nnnn
224.71600,1,25,16777215,1661959406,0,3ca7d6,拒绝暴力（传下去！！！）
73.53500,1,25,16777215,1661959264,0,4167193,哇酷哇酷
53.62200,1,25,16777215,1661959242,0,c4cc4157,黄色？
85.16200,1,25,16777215,1661958327,0,6c91f53,太6了
95.05900,1,25,16777215,1661958085,0,ddbe25d0,黄
71.82500,1,25,16777215,1661955864,0,a28342cf,哇
18.55300,1,25,16777215,1661955517,0,9e0b417c,黄
8.51000,1,25,16777215,1661955170,0,b7f352df,色
96.60900,1,25,9487136,1661954770,0,8a567e11,？
55.13000,1,25,16777215,1661954590,0,70136b56,K
236.82400,1,25,16777215,1661954431,0,7770d7a,拒绝网络暴力
75.49900,1,25,38979,1661954133,0,ff888105,红
214.25900,1,25,16707842,1661953663,0,f18a3da9,拒绝暴力（传下去！！！）
92.03900,1,25,38979,1661953301,0,382c5ec1,来了
17.85800,1,25,15772458,1661952179,0,3877621c,114514
78.52100,1,25,16777215,1661951820,0,44a27917,好强
73.20500,1,25,16777215,1661951818,0,4f235010,emmm
251.69000,1,25,16777215,1661951751,0,7ab76313,拒绝以正义之名网暴
234.84500,1,25,16777215,1661951734,0,7ab76313,拒绝网暴
225.76000,1,25,16776960,1661951702,0,821214d5,拒绝网络暴力
180.96000,1,25,16777215,1661951672,0,3b991093,拒绝网暴！！！
87.67600,1,25,16777215,1661951525,0,44daa431,▼・ᴥ・▼
88.50100,1,25,16777215,1661951518,0,2cdb11f1,，
11.85100,1,25,16707842,1661951186,0,5f3c3824,黄
82.01900,1,25,16777215,1661950838,0,93eb8e51,看我看我
231.18700,1,25,15138834,1661950197,0,34281e0d,为什么我突然想起坤坤
77.75800,5,25,16777215,1661950022,0,c79f5b9e,受伤的人不止一个...
13.98100,1,25,16777215,1661949892,0,4cc06300,我
192.88700,1,25,16777215,1661949353,0,761966b9,所有的自杀背后都有凶手
15.64500,1,25,16777215,1661949278,0,7cb3ef9c,！
135.91500,1,25,16777215,1661949262,0,761966b9,理智评论，拒绝网暴
9.08100,1,25,16777215,1661949086,0,b2e480dd,黄
92.02000,1,25,16777215,1661948828,0,37df0250,哈哈哈哈哈
78.51900,1,25,16777215,1661948748,0,d2074b75,就怕鬼畜动了情
79.53900,1,25,16707842,1661948648,0,37188c5a,黄
10.65900,1,25,16707842,1661948590,0,98af9c20,拒绝暴力
140.71200,1,25,15138834,1661948285,0,7826835b,拒绝网暴
242.14900,5,25,15138834,1661948123,0,1ab69c84,三点走起来
160.19100,1,25,16777215,1661948055,0,65740033,拒绝网络暴力
12.75400,1,25,16777215,1661948048,0,db5e5e35,黄
154.58200,1,25,16777215,1661947905,0,8f89a4dc,木遁。花树界降临。
23.11900,1,25,16707842,1661947882,0,1ab69c84,去挖去怎么这么黄
79.65500,1,25,15138834,1661947856,0,7372d811,黄色
75.13500,1,25,16777215,1661947845,0,7372d811,草
60.99900,1,25,16777215,1661947791,0,8f89a4dc,白
142.82200,1,25,16777215,1661947194,0,5e6fff53,柯南：。。。。
12.29900,1,25,16777215,1661946893,0,66c7b91b,片
80.96600,1,25,16777215,1661946844,0,85f4c82c,？
103.29200,1,25,16777215,1661946779,0,d6a22f5a,真的很讨厌这种人
66.09600,1,25,15138834,1661946699,0,2fb94a82,我直接发个红色破坏队形
19.38800,1,25,16777215,1661946694,0,eacb6227,黄
76.98400,1,25,16777215,1661946583,0,c02075df,哇哇哇
207.99800,1,25,16777215,1661946025,0,e5458950,拒绝暴力（传下去！！！）
70.87200,1,25,16777215,1661945515,0,ca7a9129,黄 黄  黄   黄    黄      黄      黄       黄        黄
149.97000,1,25,16776960,1661945405,0,6512505f,拒绝网暴！！！
219.08000,1,25,16777215,1661945396,0,6ccbaee9,拒绝暴力
179.28200,1,25,16777215,1661945356,0,6ccbaee9,拒绝网络暴力
89.82300,1,25,16777215,1661945260,0,d5834fcd,我是白
249.34700,1,25,16777215,1661944830,0,d432c02c,拒绝网暴，严惩施暴者！！！
82.57200,1,25,16777215,1661944224,0,2273c39f,az
78.49100,1,25,16777215,1661944203,0,a9fff054,!!!
14.53400,1,25,16707842,1661944014,0,e5458950,黄
23.35900,1,25,16777215,1661943619,0,84bbf64c,?
58.76800,1,25,16777215,1661943001,0,586822d7,好牛
10.55500,1,25,16777215,1661942939,0,5168868d,黄
221.47900,1,25,16707842,1661942703,0,be775eaa,拒绝暴力（传下去！！！）
87.70100,1,25,16777215,1661942621,0,fca2fc4d,？
88.65500,1,25,16777215,1661942057,0,1063281c,站在道德的志高点讽刺他人......
82.36500,1,25,16777215,1661941451,0,7e2daadb,1
78.02600,1,25,16777215,1661941264,0,e50c0b5d,/
263.10000,1,25,16777215,1661940593,0,7ee9e73b,网络暴力是不知不觉的，我们要谨慎言行
86.08200,1,25,16777215,1661940025,0,235559b7,怎么感觉像罗老师的声音
9.09900,1,25,16777215,1661939918,0,612fcc13,绿
83.67900,1,25,15138834,1661939703,0,b0e76145,？
85.96300,1,25,15138834,1661939493,0,2e0dadcc,…
75.44300,1,25,16777215,1661939473,0,2e0dadcc,！！！
78.68300,5,25,15138834,1661938921,0,38c4ae83,为什么？
247.31700,1,25,16777215,1661938584,0,9bb975fc,抱歉。。。
79.24400,1,25,16777215,1661937840,0,a807c385,强大
8.74200,1,25,16777215,1661937764,0,a807c385,lessgo
95.29900,1,25,16777215,1661937746,0,8fd7cb6d,拒绝网络暴力
226.54100,1,25,16777215,1661937708,0,c06f3014,拒绝网络暴力！
84.32200,1,25,2236962,1661937656,0,a4c0d39e,双三
74.06900,1,25,2236962,1661937646,0,a4c0d39e,话
89.07000,1,25,16777215,1661937566,0,ad8e6c54,？
73.23300,1,25,16777215,1661937517,0,37ca06cd,拒绝网络暴力
51.13800,1,25,16646914,1661937445,0,277305aa,？
178.20200,1,25,16646914,1661937440,0,e4d02e35,拒绝暴力！！！！！！！！！！！！！！！！！
158.11900,1,25,16646914,1661937419,0,e4d02e35,拒绝网暴！！！！！！！！！！！！
83.05900,1,25,16777215,1661937094,0,b27bd9cf,天 好强
130.38500,1,25,16777215,1661936712,0,35c24416,拒绝网暴
1.85900,1,25,38979,1661936532,0,9bb975fc,？
11.61900,1,25,16777215,1661936515,0,9b97f82e,黄
118.63900,1,25,16777215,1661936080,0,4ca53400,，
221.81600,5,25,16776960,1661935772,0,7506ff69,拒绝暴力（传下去！！！）拒绝暴力（传下去！！！）
162.25600,5,25,16776960,1661935713,0,7506ff69,拒绝网络暴力，拒绝校园暴力
89.33900,1,25,16777215,1661935700,0,1276ada0,拒绝网暴
6.61700,1,25,16777215,1661935662,0,a4b83289,片
13.21800,1,25,16777215,1661935635,0,a4b83289,片
55.08700,1,25,16777215,1661935604,0,7506ff69,拒绝网络暴力，拒绝校园暴力
215.39600,1,25,16777215,1661935440,0,50b8fbb9,拒绝暴力（传下去！！！）拒绝暴力（传下去！！！）
245.67800,1,25,16765698,1661934575,0,3fd2ac5d,拒绝网络暴力
87.87300,1,25,38979,1661934388,0,11b758fb,绿
106.47700,5,25,16777215,1661934232,0,6cf4cb06,？
121.43800,1,25,16777215,1661934215,0,e7521a3,尽管有多少斥责网暴，但网暴好像没有真正平息过
23.93100,1,25,16777215,1661933675,0,8b45804a,黄
68.25900,1,25,16777215,1661933023,0,ec26db16,：
218.59900,1,25,16777215,1661932037,0,f96a92d3,拒绝暴力（传下去！！！）
1.56000,1,25,16777215,1661931735,0,cd476a92,片
89.39400,1,25,15138834,1661931595,0,a7fd4dab,黄
75.76500,1,25,16777215,1661931576,0,a7fd4dab,，
129.03900,1,25,16777215,1661931302,0,38d24795,。
240.20800,1,25,16776960,1661931204,0,c90869cf,拒绝暴力（传下去！！！）
216.15100,1,25,16707842,1661931045,0,d0d179f5,拒绝暴力（传下去！！！）
17.97600,1,25,16777215,1661931034,0,f0225dcc,这？？？
65.52200,1,25,15138834,1661930770,0,b175fb78,握草，我也黄了
88.81900,1,25,16777215,1661930316,0,705ad184,瓦¿
81.14200,1,25,16777215,1661930273,0,32895720,qwq
104.60300,1,25,38979,1661930251,0,d92a30ea,？
16.39800,1,25,16777215,1661929914,0,44f740db,黄
178.03400,1,25,16777215,1661929441,0,fc320719,看不到阳光啊
68.91400,1,25,16777215,1661929209,0,8deb4b70,真实
80.04100,1,25,15138834,1661928527,0,37cb518c,，
12.00800,1,25,16777215,1661928434,0,1b843ff8,牛牛牛
82.90600,1,25,16777215,1661928145,0,46dd4639,余
76.99900,5,25,15138834,1661928035,0,bf74fc5a,鲁迅先生，他们还在吃人啊
224.55500,1,25,9033215,1661927520,0,aa0dbd1e,拒绝暴力
216.86100,1,25,9033215,1661927513,0,aa0dbd1e,拒绝霸凌
112.84400,1,25,9033215,1661927408,0,aa0dbd1e,歪
85.30100,1,25,16777215,1661927178,0,7cf65af4,好好好好好好好
76.36900,1,25,16777215,1661926855,0,6a386a36,?
114.25100,5,25,16777215,1661926793,0,dab4b43c,“发送一条友善的评论吧”
229.13900,1,25,16707842,1661926639,0,dab4b43c,拒绝暴力（传下去！！！）
149.69900,1,25,16777215,1661926578,0,d7d8a6fa,感动的人也不止一个……
102.15400,1,25,16777215,1661926464,0,9e699bed,拒绝网暴
112.53500,1,25,16777215,1661926392,0,faccaaa4,这首歌已经被下架了
124.93900,1,25,16777215,1661926292,0,fad0df3e,哎
122.03500,5,25,16777215,1661926162,0,793cf4e6,拒绝网暴
0.17900,1,25,16777215,1661926113,0,23227874,？
86.84700,1,25,16777215,1661926040,0,8f830c97,鸡
43.21900,1,25,16777215,1661925855,0,9a1df48a,!
12.26500,1,25,16777215,1661925544,0,7f38cda5,黄
99.57100,1,25,16646914,1661925448,0,846a04a1,哎
49.27000,1,25,16777215,1661925102,0,b2bcd3da,？
123.64800,1,25,15138834,1661925091,0,ba02bd53,拒绝网爆
99.75900,1,25,16777215,1661924923,0,6ad93283,拒绝网暴
85.54700,1,25,16777215,1661924680,0,fc3fc7d4,？
18.13300,1,25,16777215,1661924418,0,8a90455,黄
121.90400,1,25,16777215,1661924285,0,b394c0ca,拒绝网暴校园欺凌！
4.09800,1,25,16777215,1661924202,0,7bb8b525,1
33.19900,1,25,16777215,1661923905,0,a8fac58b,。。。。。
25.07900,1,25,38979,1661923884,0,a8fac58b,m
12.87000,1,25,16777215,1661923575,0,a64fa119,【哦哈哈哈】
86.03900,1,25,16777215,1661923563,0,749bd47,？？？？？？？？？？？？？？？？？？？？？？？？？？？？？？？？？？？？？？？？？？？？？
80.87900,1,25,15138834,1661923423,0,3730babf,黄色
80.91600,1,25,15138834,1661923095,0,1047608c,？
2.63500,1,25,13369971,1661923037,0,85b0daa1,黄紫
17.21000,1,25,16777215,1661922914,0,826c3e45,芜湖
232.89500,1,25,16707842,1661922914,0,a3e04e6b,拒绝网络暴力
225.77900,1,25,16707842,1661922904,0,a3e04e6b,拒绝校园暴力
78.34100,1,25,16646914,1661922815,0,34c73819,？
90.90500,1,25,16646914,1661922717,0,bfa6c184,抵制键盘侠！！！！
11.79400,1,25,16777215,1661922709,0,dab55dcc,黄
69.94700,1,25,16646914,1661922667,0,bfa6c184,?
85.50700,1,25,16777215,1661922371,0,bc80725b,？？？？
19.40000,1,25,16777215,1661922280,0,bc80725b,skksm
248.60000,1,25,16777215,1661921929,0,1beec515,拒绝暴力
32.90100,1,25,52480,1661921906,0,2d2f4ff8,绿
213.66800,1,25,16707842,1661921774,0,f94585a9,拒绝暴力！
112.43300,1,25,9487136,1661921745,0,edc58827,hhhh
78.73900,1,25,16777215,1661921179,0,3c557195,( ๑ŏ ﹏ ŏ๑ )
129.47800,5,25,16646914,1661921134,0,15185cb2,？
238.98100,1,25,16707842,1661921130,0,ddd11dd2,拒绝网络暴力！！！拒绝校园暴力！！！
116.92900,1,25,16646914,1661921114,0,15185cb2,？
12.00100,1,25,16777215,1661921096,0,ff3d5acc,？？？
117.98400,1,25,16707842,1661920827,0,e0ed8f43,拒绝网暴
75.33000,1,25,16707842,1661920822,0,b4ff7e4e,哇
12.39500,1,25,16777215,1661920819,0,74104eed,黄
12.39700,1,25,16777215,1661920759,0,8a62c2d1,黄
91.50700,1,25,16777215,1661920595,0,a6cc8f57,huangd
237.28800,1,25,16777215,1661920425,0,37c01a31,拒绝网暴
126.79700,1,25,16777215,1661920313,0,6f5109ed,nb
95.89900,1,25,16777215,1661920257,0,66f10cd2,拒绝网暴拒绝网暴
33.87400,1,25,16777215,1661920257,0,1a31c270,？
76.69000,1,25,16777215,1661919951,0,8c24a92a,词写的好好
217.03100,1,25,16707842,1661919650,0,aec0ebad,拒绝网暴
177.58500,1,25,16776960,1661919603,0,b3d9de4b,拒绝网暴
76.81900,1,25,16777215,1661919600,0,54cc9292,？？？
85.29900,1,25,16707842,1661919517,0,aec0ebad,拒绝网暴
94.01500,1,25,16777215,1661919404,0,ddde6f57,幼稚园杀手
88.50700,1,25,8700107,1661918984,0,8f03ae57,什么颜色都不行，只能黄
107.49600,1,25,16777215,1661918938,0,92243347,⋯
113.21900,1,25,15138834,1661918916,0,d11e6c18,拒绝网暴
99.13200,1,25,16777215,1661918783,0,ebd01668,牛啊
73.87500,1,25,41194,1661918741,0,55bd6417,！
229.17400,1,25,15138834,1661918373,0,a49b2396,或许在这整齐的弹幕中就存在着加害与被害者
8.43900,1,25,16777215,1661918298,0,e24d3a73,姐姐
19.43300,1,25,16777215,1661918256,0,59e8b659,嗯……
56.21800,1,25,16777215,1661918071,0,80f38ca3,漂亮
224.76800,1,25,14811775,1661918066,0,5f5459c8,拒绝暴力（传下去！！！）拒绝暴力（传下去！！！）
10.02300,1,25,16777215,1661917802,0,5f5459c8,从未关注，从未错过
77.58500,1,25,16777215,1661917662,0,113e555,呜呜呜呜
88.71500,1,25,16777215,1661917626,0,219fe5f7,nb
146.43900,1,25,16777215,1661917604,0,4bb072f6,不是全部人都是人
146.43900,1,25,16777215,1661917587,0,4bb072f6,每个人都拒绝网暴，但每个人又都在网暴。
81.50500,1,25,16777215,1661917166,0,285b3f6f,？
46.20300,1,25,16777215,1661916784,0,37e436dc,黄
52.54200,1,25,16777215,1661916472,0,9ec0c760,这么好
117.84300,1,25,16707842,1661916406,0,5931e29a,拒绝网暴
93.62400,1,25,16777215,1661915711,0,8812a069,拒绝网爆
100.63500,1,25,16777215,1661915597,0,1a0479bb,？
12.77700,1,25,16777215,1661915585,0,73905582,！
51.67700,1,25,16777215,1661915364,0,13679b38,黄
7.85900,1,25,16777215,1661915236,0,107b1ea2,？
74.38400,1,25,16777215,1661915200,0,219d9353,nb
208.31600,1,25,16777215,1661914779,0,93cf34f,拒绝暴力
91.89300,1,25,16777215,1661914755,0,8dfe84c1,黄
167.13500,1,25,16777215,1661914633,0,997c44e5,拒绝网络暴力
89.28600,1,25,16777215,1661914452,0,7b9420e9,jgj
165.37900,1,25,16777215,1661914245,0,6b249b0e,拒绝网暴
10.75200,1,25,16777215,1661913854,0,e1cdce71,黄
50.88700,1,25,16776960,1661913427,0,f9f671e8,黄
236.03700,1,25,16707842,1661912784,0,a3e0dc18,拒绝暴力（传下去！！！）
92.79700,1,25,16777215,1661912217,0,b1dba4a7,黄绿合战
19.58400,1,25,16777215,1661912189,0,24c35311,黄
45.27400,1,25,9487136,1661911992,0,a1dd9a8c,黄色
19.14400,1,25,16707842,1661911966,0,a1dd9a8c,好耶
34.13000,1,25,16777215,1661911221,0,8139f916,？
154.85400,1,25,41194,1661910883,0,b883d568,拒绝网络暴力。
58.72100,1,25,16777215,1661910639,0,1ff2abe2,嗯？？
9.89000,1,25,16777215,1661910410,0,a78ad768,色
51.39900,1,25,16777215,1661910272,0,fee9e7f6,。。
99.53900,5,25,16777215,1661909813,0,3504d20a,？
79.61900,5,25,16707842,1661909788,0,3504d20a,发不了别的颜色？
38.64800,1,25,16777215,1661909648,0,3844c522,？？？
208.94200,1,25,16777215,1661908495,0,2fe3130c,为受害者发声，拒绝网络暴力，校园欺凌
69.98400,1,25,15138834,1661908431,0,33d74a39,66
59.39600,1,25,15138834,1661908420,0,33d74a39,?
55.27300,1,25,15138834,1661908416,0,33d74a39,怎么发什么都是
44.82600,1,25,15138834,1661908406,0,33d74a39,?
233.56600,1,25,16707842,1661908352,0,c06d2ae2,拒绝网络暴力（传下去！！！）
8.42400,1,25,16707842,1661908156,0,ad999464,黄
49.85900,1,25,6830715,1661907463,0,1a46d513,我是紫色应该吧
93.51000,1,25,16777215,1661906092,0,a7d3364e,为什么这么多问号
24.06000,1,25,16646914,1661905985,0,fb40d5a5,黄
85.45100,1,25,16777215,1661903384,0,f5540e9b,?
66.77000,1,25,16777215,1661901743,0,be457c66,？
17.39900,1,25,16777215,1661899686,0,24e2913e,黄
238.38900,1,25,16776960,1661889577,0,cf25b8d8,拒绝网络暴力
79.97900,1,25,16777215,1661889178,0,3fc049b,？
237.33800,1,25,16777215,1661887587,0,bb64eb6b,希望都说到做到
50.79000,1,25,16777215,1661881552,0,5d6f0884,？
246.92100,1,25,16777215,1661881142,0,b6efe1d2,拒绝网络暴力
248.11700,1,25,16707842,1661880862,0,5982989c,拒绝网暴
14.92900,1,25,16777215,1661880398,0,e9bc81b2,黄
40.38200,1,25,16777215,1661879767,0,32ecc4db,宝藏？
82.48700,1,25,16777215,1661878758,0,16ea07aa,怎么全是黄色
99.80300,1,25,16777215,1661876787,0,340b98b0,支持！！！
127.01600,1,25,16777215,1661875109,0,4f35142f,拒绝网暴
82.66500,1,25,15138834,1661875104,0,7d2a338a,你
77.57900,1,25,15138834,1661874468,0,4ed82899,。
94.73800,1,25,15138834,1661874371,0,e08b25be,好棒
7.39900,1,25,15138834,1661874174,0,55ca0c08,拒绝网络暴力
70.15100,1,25,16777215,1661874171,0,fbb74c89,黄？
3.39900,1,25,15138834,1661874165,0,55ca0c08,？
67.63100,1,25,16777215,1661874153,0,fbb74c89,我是黄色吧
44.81900,1,25,15138834,1661873962,0,55ca0c08,死去的人不止一个
43.49900,1,25,16777215,1661873931,0,55ca0c08,受伤的人不止一个
212.58100,1,25,16707842,1661873741,0,77140f8f,拒绝暴力（传下去！！！）
79.91000,1,25,16777215,1661873423,0,76064a22,hi
61.79700,1,25,16777215,1661873335,0,d45f4997,1
79.64800,1,25,16777215,1661873194,0,8a8bc466,wow
88.29000,1,25,16777215,1661872999,0,ccf94653,牛
239.69000,1,25,16777215,1661872919,0,f2ed8bc6,我在想是人心变了还是网络的用途偏离了
84.61900,1,25,16777215,1661872908,0,96a60c7e,嗷
232.86800,1,25,16777215,1661872870,0,f2ed8bc6,应该严惩网暴者
100.42500,1,25,16777215,1661872358,0,56b1e046,弹幕干什么
80.79300,1,25,16777215,1661872350,0,6d9cbf72,我是白的
14.56800,1,25,16777215,1661872074,0,61058c62,黄 nice
85.49900,1,25,16777215,1661871748,0,f5cace57,牛逼
102.57100,1,25,16777215,1661871679,0,6b256ac1,---
77.67300,1,25,16777215,1661870385,0,96429997,凶手不止一个
74.74700,1,25,16777215,1661870156,0,24af9b99,。
48.61500,1,25,16777215,1661870058,0,6a502ab2,。
77.23900,1,25,16777215,1661869924,0,26b8e525,黄
10.45900,1,25,16777215,1661869375,0,79d00991,黄
77.97900,1,25,15772458,1661869357,0,a787ba43,1111111
48.25300,1,25,16777215,1661869236,0,5ed8e5dc,啊这
94.45900,1,25,16707842,1661868492,0,86cc8992,……………………
72.64000,1,25,15138834,1661868467,0,e103157f,？
9.49500,1,25,16777215,1661868299,0,1de4257f,每天毙看
147.60200,1,25,16707842,1661868210,0,2c081ad6,拒绝网暴！！！
80.19700,1,25,16777215,1661867670,0,7ce64e62,啥
13.85900,1,25,16707842,1661867577,0,3d10d917,6
248.35900,1,25,16707842,1661867568,0,b1f6c21d,拒绝暴力
246.55700,5,25,16707842,1661867501,0,b10f98d7,‘看到你自己了吗没准下一个就是你停止网暴吧孩子’
94.25500,1,25,15138834,1661866770,0,53bf9015,？
85.47700,1,25,16777215,1661866755,0,53bf9015,？
94.69400,1,25,16777215,1661866515,0,d50901a3,？
85.44700,1,25,41194,1661866341,0,b78271cd,啊这
16.56800,1,25,16777215,1661866263,0,b78271cd,黄
76.51300,1,25,16777215,1661865963,0,15f65ca0,( ﾟ∀ ﾟ)
89.86700,1,25,16777215,1661865399,0,2e86a9f0,牛
33.28300,5,25,16765698,1661865288,0,b81755f9,H
19.04800,1,25,16777215,1661865185,0,3607088b,44
9.07700,1,25,16777215,1661865017,0,c6bcfc7c,黄
240.52400,1,25,16707842,1661864955,0,9f2daf26,拒绝暴力（传下去！！！）
229.45800,1,25,16707842,1661864935,0,9f2daf26,拒绝暴力(传下去！！！)
217.60000,1,25,16777215,1661864874,0,642a7efa,拒绝暴力！
31.61900,5,25,38979,1661864673,0,b2c9703e,嘿嘿嘿
24.49900,5,25,38979,1661864652,0,b2c9703e,嘿嘿嘿，来了嗷
17.70000,1,25,15772458,1661864638,0,587c4d2,黄
116.30900,1,25,16777215,1661864288,0,e6381c32,拒绝网暴
87.85200,1,25,16777215,1661864052,0,ee621779,1
153.40400,1,25,16776960,1661863974,0,ea002198,拒绝网络暴力
27.17000,1,25,16777215,1661863817,0,55b636dd,黄
82.57700,1,25,16777215,1661863394,0,a4e4162a,黄
91.01700,5,25,15138834,1661863086,0,c283f6a4,不信邪了！
129.94300,1,25,16777215,1661863042,0,fe04ac78,拒绝网络暴力！！！
240.66200,1,25,16776960,1661862963,0,b8e1b082,没有一句评论是无辜的
219.92800,1,25,16777215,1661862797,0,96ff2a7c,不要当键盘侠
245.35900,1,25,16707842,1661862666,0,51681e24,拒绝网络暴力拒绝网络暴力拒绝网络暴力拒绝网络暴力拒绝网络暴力拒绝网络暴力拒绝网络暴力拒绝网络暴力拒绝网络暴力拒绝网络暴力拒绝网络暴力拒绝网络暴力拒绝网络暴力！！！！！！！！！！！！！！！！！！！
24.97900,1,25,15138834,1661862530,0,fe7bf565,？
22.13900,1,25,16777215,1661862521,0,fe7bf565,绿
1.72500,1,25,16777215,1661862478,0,1f7f24be,“凶手不止一个”
4.24800,1,25,16777215,1661862472,0,f2ac0ba5,黄
23.47900,1,25,16777215,1661862357,0,51681e24,黄？
64.01900,1,25,16777215,1661862127,0,f891bd83,，
10.64400,1,25,16777215,1661861990,0,b0e2bf33,黄？
24.05900,1,25,16777215,1661861606,0,673caed3,[黄]
47.89400,1,25,16777215,1661861450,0,5492dc42,？
81.01900,1,25,16707842,1661861135,0,80950e53,。
12.83100,1,25,16777215,1661860802,0,832236d3,绿
217.76300,1,25,16777215,1661860775,0,ab0f69a1,拒绝暴力（传下去！！！）
16.43200,1,25,16707842,1661860555,0,6a45cd56,黄
48.40500,1,25,16777215,1661860493,0,206cbf4c,阿巴阿巴
86.63400,1,25,16777215,1661860485,0,f7d3e3ec,ghyu
14.04200,1,25,16777215,1661860137,0,f808fbad,绿
3.65300,1,25,16777215,1661860097,0,f808fbad,每周必看
152.15900,1,25,16777215,1661860025,0,4246bd53,拒绝网络暴力
101.89900,1,25,16777215,1661859503,0,785b6e52,？
80.97900,1,25,16777215,1661859171,0,e16ec819,。
55.34700,1,25,16777215,1661859007,0,d9877d0d,多么现实啊
18.23800,1,25,16777215,1661858759,0,c777f6e3,每周必看
82.77900,1,25,38979,1661858641,0,9e890bac,由我来绿吧
163.55300,1,25,16777215,1661858134,0,18920c92,拒绝校园暴力
91.34800,1,25,16777215,1661858125,0,60798585,拒绝网暴
30.08300,1,25,16707842,1661857871,0,bad53383,黄
184.71400,1,25,16777215,1661857661,0,5049fb27,虽然好像偏离了题目。但还是请收下我的膝盖！！！！！！！！！！！！！！！！！！！！！！！！！！！
86.15300,1,25,16777215,1661857253,0,33077453,发现宝箱
109.10500,1,25,16777215,1661856817,0,8bad3650,！
46.96200,1,25,16777215,1661856560,0,2e2bec0c,黄
10.62900,1,25,16777215,1661856524,0,2e2bec0c,黄
57.02900,1,25,16777215,1661856498,0,7847b39e,又黄又健康
56.69700,1,25,16777215,1661855835,0,915782e4,U
140.77600,1,25,16777215,1661855604,0,c25b1957,1
89.02900,1,25,16777215,1661855549,0,7a279ac,？
218.02700,1,25,16777215,1661855542,0,e305e554,拒绝任何暴力！！！
165.40500,1,25,16777215,1661855490,0,e305e554,拒绝受害者有罪论！！！！
104.88300,1,25,16777215,1661855429,0,e305e554,讽刺拉满
80.25900,1,25,15138834,1661854692,0,6f2f8fe5,黄
67.30200,1,25,16777215,1661854637,0,6862e0a1,拒绝网络暴力
80.81900,1,25,16777215,1661854637,0,e21327fd,厉害
63.75400,1,25,16777215,1661854533,0,dd76634a,凶手不止一个
81.11200,1,25,15138834,1661854299,0,39378d37,，
6.69900,1,25,16707842,1661854122,0,95dc44a3,黄
11.43900,1,25,16707842,1661854106,0,95dc44a3,黄
46.64200,1,25,16777215,1661854073,0,6d28d220,啊哈哈哈
3.75900,1,25,16777215,1661853924,0,5d2bcfad,QAQ画质感人
19.54900,1,25,16777215,1661853913,0,c5498eee,片？
58.83900,1,25,16777215,1661853858,0,5d808ba1,66
13.47900,1,25,16707842,1661853671,0,6a598f08,黄
71.65100,1,25,16777215,1661853551,0,ce8f0c61,？
72.35400,1,25,16777215,1661853459,0,ac4eb233,？
62.67100,1,25,16777215,1661852878,0,e51e6041,哈哈
50.78900,1,25,16777215,1661852825,0,28cd938d,。。
81.66200,1,25,15138834,1661852437,0,467d0001,？
76.62700,1,25,16777215,1661852425,0,467d0001,？
79.49600,1,25,16777215,1661852425,0,2b35265d,?
120.22200,1,25,16777215,1661852421,0,9fa72cc2,...
0.62100,1,25,52480,1661852239,0,773eebf6,绿
18.25900,1,25,16777215,1661852097,0,94cbd1ed,？
75.17500,1,25,16777215,1661851931,0,31aafb2c,！
77.75600,1,25,16777215,1661851816,0,6cfd5622,绿
63.95800,1,25,16777215,1661851715,0,8c3c892a,诶？
175.26800,1,25,16777215,1661851589,0,eb76f882,拒绝网络暴力
95.25900,1,25,38979,1661851378,0,6f54fd17,绿
87.51900,1,25,38979,1661851359,0,6f54fd17,黄
15.22500,1,25,16777215,1661851264,0,d25a4caf,黄
76.30600,1,25,38979,1661851165,0,2753111f,啊啧啧啧
82.07900,1,25,15138834,1661851160,0,45466510,发不了其他颜色？
81.08500,1,25,16777215,1661850667,0,c51a6ff0,？
4.14100,1,25,16777215,1661850624,0,f6469158,skksm
129.46100,1,25,16776960,1661850598,0,b7eb8f2,拒绝网暴，拒绝煽风点火捕风捉影，拒绝不明事实真相就评论
79.87900,1,25,16777215,1661850276,0,f0c5f613,好家伙
182.64800,1,25,16777215,1661850267,0,7c7f8a3f,不存在任何被迫？好讽刺啊！不杀人的杀人犯！
32.69000,1,25,16777215,1661850085,0,cf7ee67e,黄
73.89900,1,25,16777215,1661850055,0,7c7f8a3f,这就是大环境
10.11000,1,25,16777215,1661850033,0,39dd86df,片
79.68400,1,25,16777215,1661849999,0,d7086bca,、
35.04900,1,25,16777215,1661849921,0,8f3efc6e,黄
73.18600,1,25,16777215,1661849426,0,20121f40,凶手不止一个
29.73000,1,25,16707842,1661849418,0,3250283f,为什么你们都是黄色？
75.94300,5,25,15772458,1661849389,0,aba2fa3d,默哀
9.09900,1,25,16777215,1661849262,0,2ce68b8b,reoreoreo
58.44600,1,25,16777215,1661849241,0,4cbdeca7,1
18.17300,1,25,16777215,1661849053,0,1552f882,从未关注，从未错过
96.35200,1,25,16777215,1661848913,0,b6c4f86e,绿色
4.23800,1,25,16777215,1661848767,0,2eb84f7b,片
233.86800,1,25,16777215,1661848687,0,c2632a6f,拒绝暴力(传下去！！！！)
99.31200,1,25,15138834,1661848613,0,381b9a91,别网暴了
14.89400,1,25,16777215,1661848538,0,87eb31f,？
214.93100,1,25,16777215,1661848404,0,68c68da3,拒绝网络暴力
77.15900,1,25,16777215,1661848200,0,8863256d,咩？
124.68600,1,25,15138834,1661848044,0,148bb805,别一直刷，恭喜宝藏发现你。这个开头发几条就可以了。不要一整个视频都刷。
104.10800,1,25,16777215,1661848036,0,3b0c47a3,？
2.27500,1,25,16777215,1661847914,0,148bb805,片
76.89100,1,25,38979,1661847834,0,c568fead,？
224.06800,1,25,16777215,1661847748,0,d6bc55c5,拒绝暴力并不是说说就可以的，还希望大家能做到，正己之行，推之及人。
9.01900,1,25,41194,1661847550,0,18b5fcca,拒绝网络暴力
1.17900,1,25,41194,1661847534,0,18b5fcca,拒绝网络暴力！
208.87600,1,25,41194,1661847487,0,18b5fcca,拒绝网络暴力！
91.34700,1,25,16777215,1661847415,0,96c1e1c8,拒绝网暴
78.17100,1,25,15138834,1661847367,0,bdb34e1f,6
89.19000,1,25,16777215,1661847055,0,77b7adf4,？？？
82.70900,1,25,15138834,1661846851,0,d32183b8,拒绝网暴
245.89500,1,25,16777215,1661846018,0,604a4f9c,此时一位帅小伙出现在屏幕上
11.69900,1,25,16777215,1661845969,0,277cba8b,哦耶
15.50500,1,25,16777215,1661845659,0,f8aac8d1,？
47.02100,1,25,16777215,1661845531,0,1488c364,?
49.27800,1,25,16777215,1661845404,0,61924c11,嘿嘿
8.42200,1,25,16777215,1661845337,0,3a02a7,黄
19.43300,1,25,16777215,1661845312,0,3a02a7,片
44.26800,1,25,16777215,1661844881,0,cc1c7609,哇！
11.54000,5,25,16707842,1661844473,0,97767cfd,黄
52.84200,1,25,16777215,1661844409,0,a90ac9dd,袜
35.94200,1,25,16777215,1661844209,0,38fc898,黄乱
76.27900,1,25,15138834,1661844203,0,d4446ffa,红
13.42700,1,25,16777215,1661843551,0,87592bb,黄
81.41400,1,25,16777215,1661843380,0,49644afb,这
18.93000,4,25,16707842,1661843213,0,66854e23,黄
83.19700,1,25,15772458,1661843070,0,826f46a5,拒绝网络暴力
14.51900,1,25,16777215,1661842957,0,d8fdb86a,有人吗
55.48600,1,25,16777215,1661842922,0,7273f452,woo
227.19000,1,25,16777215,1661842763,0,4b92acb,拒绝网暴！！！！！！！！！！1
147.89100,1,25,16777215,1661842400,0,8586b2a,6
46.41900,1,25,16777215,1661842369,0,d043061,？
91.71600,1,25,16777215,1661842284,0,c1fa26e2,因为是黄队吧
223.37700,1,25,16777215,1661841886,0,bc3ab5f,拒绝暴力（传下去！！！）
15.57900,1,25,16777215,1661841656,0,45a3f69e,？
81.47900,1,25,16777215,1661841406,0,48cdf641,牛
4.78800,1,25,16707842,1661841147,0,f64df8bf,黄
30.20000,1,25,16707842,1661841134,0,f64df8bf,黄
82.07300,1,25,16777215,1661841084,0,b38cefc9,真的是黄的
70.43900,1,25,16777215,1661841072,0,b38cefc9,...
9.90700,1,25,16777215,1661841005,0,86069922,？
9.51900,1,25,16777215,1661840645,0,36fa6cca,黄
256.31000,1,25,16777215,1661840426,0,be70f337,人们总认为自己是对的
76.46200,5,25,16777215,1661840027,0,3298504b,？
5.81900,1,25,16707842,1661839985,0,50b669b4,黄
56.15300,1,25,16777215,1661839730,0,cfb500f1,黄？
224.49900,1,25,16777215,1661839652,0,6c4f8645,拒绝网络暴力！！！（传下去！！！）
56.34100,1,25,38979,1661839341,0,dd9ff1a2,黄
226.57900,1,25,16777215,1661838287,0,69e9c71e,拒绝网络暴力！！！（传下去！！！）
232.93600,1,25,16776960,1661838177,0,1f1384cd,+1
79.83600,1,25,15138834,1661837857,0,78ae935a,好强
24.31300,1,25,16777215,1661837624,0,984db4f1,黄
85.47600,1,25,16777215,1661837151,0,13e53f03,凶手不止一个
63.79900,1,25,16777215,1661837056,0,77062141,？
224.76600,1,25,16777215,1661837041,0,921fd8ae,拒绝暴力（传下去！！！）
85.26200,1,25,16777215,1661836991,0,52323f09,？
217.09900,1,25,16777215,1661836896,0,be692a49,拒绝所有暴力
144.93900,1,25,16777215,1661836795,0,f54272ef,？
6.97900,1,25,16777215,1661836723,0,5e0489be,黄
221.24600,1,25,16707842,1661836586,0,8d724c24,拒绝暴力
197.19500,1,25,16707842,1661836563,0,72bffc6a,这个世界已经乱了
80.39800,1,25,16777215,1661836539,0,ca4730dd,e…
67.86300,1,25,16707842,1661836516,0,ca4730dd,他开枪了
5.54200,1,25,16777215,1661836142,0,d44a729d,黄
84.38000,1,25,15138834,1661836056,0,40b86b30,张三不止一个
6.63300,1,25,16777215,1661835435,0,5e7d4d6,t
12.25900,1,25,16777215,1661835426,0,ddf83dd3,绿
17.75900,1,25,16777215,1661835421,0,a684ac8b,嗨嗨嗨
55.51400,1,25,16646914,1661835105,0,bc76ffa0,是
16.35900,1,25,38979,1661834864,0,f4a4e4f1,绿
11.43900,1,25,16777215,1661834850,0,f4a4e4f1,绿
55.05900,1,25,16777215,1661834768,0,9b50fa66,？
229.56700,1,25,16707842,1661834760,0,1f8c83bf,拒绝暴力（传下去！！！）
71.09900,1,25,16777215,1661834607,0,273fd6cd,拒绝网络暴力
109.37900,1,25,16777215,1661834578,0,b700f859,？
78.24700,1,25,16777215,1661834560,0,6d1d9f46,恭喜
62.69300,1,25,16777215,1661834543,0,25155008,黄？
151.75700,1,25,16776960,1661834527,0,65740033,拒绝网络暴力
81.13900,1,25,16777215,1661834439,0,65c89251,ql雀食
31.21700,1,25,16776960,1661834406,0,65740033,恭喜发现宝藏
47.33100,1,25,16777215,1661834021,0,be7dab3c,？
80.95200,1,25,16777215,1661833940,0,b25174bb,啊
52.53200,1,25,16777215,1661833837,0,977844ac,huang
16.61200,1,25,16777215,1661833767,0,f90a38d1,每天毙看
10.31900,1,25,16777215,1661833595,0,f734a169,2
229.97900,1,25,16777215,1661833414,0,9703258a,拒绝暴力
43.49400,1,25,16777215,1661833176,0,eeea528c,为啥我看不到弹幕
239.84300,1,25,6830715,1661832855,0,4b68ae18,雪崩发生时，没有一片雪花是无辜的
233.78700,1,25,16707842,1661832725,0,4505fdf1,拒绝暴力（传下去！！！）
226.14700,1,25,16707842,1661832715,0,4505fdf1,拒绝暴力（传下去！！！）
217.42700,1,25,16707842,1661832703,0,4505fdf1,拒绝暴力（传下去！！！）
33.17200,1,25,16777215,1661832670,0,aaf36392,冲
85.54200,1,25,16777215,1661832664,0,185b0a83,冠军肯定是冠军！
79.42200,1,25,16777215,1661832231,0,ebcfdbe5,。
72.36900,1,25,16777215,1661832175,0,ca4a621f,.....
107.67300,1,25,13369971,1661831975,0,41eae866,HHHH
85.49700,1,25,16777215,1661831939,0,e0d49c77,拒绝网暴
78.95300,4,25,16707842,1661831842,0,ce6a70bc,wu
34.21600,5,25,15138834,1661831309,0,d891c90e,啊？
29.47300,1,25,16777215,1661831296,0,d891c90e,啊？
233.73300,1,25,16777215,1661831146,0,c0cb92d9,拒绝网络暴力
215.01700,1,25,16707842,1661831140,0,75645bc2,拒绝暴力（传下去！！！）拒绝暴力（传下去！！！）
78.17900,1,25,16777215,1661830848,0,a47c9e48,12
86.73900,1,25,15138834,1661830530,0,6eeba856,?
82.45900,1,25,16777215,1661830517,0,6eeba856,拒绝网暴
14.76100,1,25,16777215,1661830298,0,797089fc,我又来了
81.26100,1,25,16777215,1661830061,0,54fc5f03,00
7.21700,1,25,16707842,1661830028,0,55bedcf2,片
14.22000,1,25,16707842,1661830009,0,55bedcf2,黄
74.17400,1,25,16777215,1661829490,0,4cf792ea,？
240.87300,1,25,16777215,1661829110,0,50c0c51a,拒绝暴力（传下去！！！）
20.51600,1,25,16777215,1661829039,0,6e0abcf1,？
67.40900,1,25,2236962,1661829025,0,db757544,黄
55.65300,1,25,16777215,1661829013,0,db757544,黄
6.12700,1,25,16777215,1661828887,0,96f67a01,？
60.64000,1,25,16777215,1661828872,0,60a628ee,？？？
28.65900,1,25,16707842,1661828859,0,c4d8bf86,黄
81.73700,1,25,16777215,1661828814,0,96f67a01,。
14.95300,1,25,16777215,1661828570,0,35a2d4e0,黄
231.49200,1,25,16777215,1661828541,0,464380ed,拒绝网络暴力！！！！！！！
45.21900,1,25,16777215,1661828472,0,ef816363,厉害了
59.70200,1,25,16646914,1661828150,0,d16e48f,1
84.16400,1,25,16777215,1661828094,0,dcb2dedf,。
6.14200,1,25,16777215,1661828027,0,afc108f5,啊这
37.77900,1,25,16777215,1661827976,0,8624bfda,我
225.70300,1,25,16777215,1661827814,0,531c73f,拒绝暴力（传下去！！！）
72.71500,1,25,16777215,1661827758,0,d304286e,....
121.82800,1,25,16777215,1661827573,0,47c6d517,？？？？？？？？？？？？？？？？？？？？？？？？？？
111.23000,1,25,16777215,1661827388,0,dbaef023,j
93.15500,1,25,16777215,1661826816,0,1458eb24,/
40.68100,1,25,16777215,1661826803,0,f17b10a,哇塞，厉害了
48.48400,1,25,16777215,1661826568,0,eb30a042,？
203.43300,1,25,15138834,1661826502,0,d0f91ad,拒绝网络暴力
104.72800,1,25,16777215,1661826470,0,d07b8267,？
78.22700,1,25,16777215,1661826461,0,5ae872a3,黄色的？
67.71500,1,25,16777215,1661826309,0,bcd9cea4,黄
78.57400,1,25,16777215,1661826199,0,457f37ef,怎么全是黄色
233.63900,1,25,16707842,1661825967,0,ed2a8a,拒绝暴力
78.40600,1,25,16777215,1661825942,0,39550044,请收下我的膝盖
74.89900,1,25,15138834,1661825922,0,d9e8d379,发
59.37900,1,25,16777215,1661825899,0,c31cd8d,NB
81.64100,1,25,16777215,1661825883,0,a7bd00c,？
187.62200,1,25,16777215,1661825774,0,e65e1d84,《不存在任何强迫》
132.32600,1,25,16777215,1661825717,0,e65e1d84,＂没杀人的杀人犯＂
35.80900,1,25,16777215,1661825702,0,28c13a24,ai
33.49600,1,25,16776960,1661825492,0,2ad86491,黄
88.23100,1,25,16777215,1661825369,0,8e6a487b,哎呀
28.82000,1,25,16777215,1661823856,0,ff966964,黄
23.01600,1,25,16777215,1661823698,0,2d12e166,每周必看
75.92800,1,25,16740868,1661823228,0,6fc28829,gg
73.97900,1,25,16777215,1661822985,0,fdcd3ae0,一
97.74700,1,25,6830715,1661822717,0,83c271c1,为什么只有黄色？？？
0.00000,1,25,9487136,1661822543,0,8c26c4c9,5
79.10200,1,25,16777215,1661822479,0,8eea7b7c,？
101.58100,5,25,16707842,1661821808,0,f6de5c97,拒绝网络暴力
65.70200,1,25,38979,1661820840,0,cf6d49db,我
51.51900,1,25,16777215,1661820827,0,cf6d49db,我
75.83600,1,25,16777215,1661819552,0,5d55cad,gfeef
53.74300,1,25,16777215,1661818732,0,639ea46b,？？？
160.98300,1,25,16777215,1661818693,0,ed517396,拒绝网暴
14.36600,1,25,16707842,1661818570,0,1c092bef,黄
74.74500,1,25,16777215,1661818075,0,f96f4ce6,？
107.74300,1,25,16777215,1661815554,0,e9327b8,，，，
90.49500,1,25,16777215,1661813899,0,681511a,？？
87.66000,1,25,16777215,1661813803,0,807faebf,好～
19.01900,1,25,38979,1661813358,0,d700fe5,刑
241.85600,1,25,16777215,1661802379,0,ce78c6a7,拒绝暴力（传下去！！！）
233.43500,1,25,16777215,1661802367,0,ce78c6a7,拒绝暴力（传下去！！！）
74.65200,1,25,16777215,1661795167,0,c3e09763,黄
233.67400,1,25,16707842,1661793276,0,13c15cd8,拒绝网络暴力
44.45900,1,25,16777215,1661793128,0,bf6fd01e,！
201.12600,1,25,16777215,1661790231,0,fa9ab2b0,弹幕大军何在
183.80900,1,25,16777215,1661789020,0,86588d41,拒绝网暴
79.69900,1,25,16777215,1661788986,0,75f4e67d,哇
13.96600,1,25,16777215,1661788306,0,cee47c99,？？？
96.06600,1,25,16777215,1661785867,0,84467da1,？
18.27200,1,25,16777215,1661785772,0,afcb9a68,什么鬼
218.08800,1,25,16765698,1661785661,0,ed637633,拒绝网暴！！！
52.20200,1,25,38979,1661785658,0,12fbba73,啊
46.48300,1,25,16777215,1661785643,0,12fbba73,m￼
92.69900,1,25,41194,1661785431,0,7b0f469f,6
88.77900,1,25,16777215,1661785422,0,7b0f469f,？？？
83.22400,1,25,16777215,1661784979,0,c21b35b,…？
13.31900,1,25,16777215,1661784953,0,73d08d6b,黄
59.34800,1,25,38979,1661784616,0,8ba29411,w
44.66800,1,25,16777215,1661784588,0,8ba29411,e
91.04300,1,25,16777215,1661783952,0,cc7a4cec,拒绝暴力
111.39000,1,25,16777215,1661783418,0,1ebcd27b,拒绝网爆
83.11800,1,25,16777215,1661783390,0,1ebcd27b,？
30.73900,1,25,16707842,1661783246,0,ab483733,黄
14.01900,1,25,16777215,1661783153,0,13457340,和
2.76600,1,25,16777215,1661782674,0,4c73ee56,？
127.84900,1,25,16777215,1661782641,0,9d81b4df,“没杀人的杀人犯”
76.93900,1,25,38979,1661782497,0,ed0b2287,阿巴阿巴
8.62000,1,25,16777215,1661781933,0,c9d2bf12,片
62.01200,1,25,16777215,1661781610,0,969906d3,az
99.87900,4,25,38979,1661781536,0,c9232358,你们，竟然还在正义
76.95300,1,25,16777215,1661781488,0,9f0fe01a,牛
73.19000,1,25,16777215,1661781416,0,b182ef78,呀
83.49000,1,25,16777215,1661781340,0,a2ced6d7,6
86.33700,1,25,16707842,1661781241,0,f8a57569,。。。
49.77100,1,25,16777215,1661781082,0,f0ee8158,黄
227.70800,1,25,16777215,1661780911,0,19944c8e,拒绝暴力（传下去！！！）
74.17900,1,25,16777215,1661780617,0,330c2b8e,！
81.01100,1,25,16777215,1661780036,0,4cb93698,？
86.58900,1,25,16777215,1661780005,0,ab3f9d27,??????
80.90000,1,25,16777215,1661779999,0,ab3f9d27,？？？
87.22800,1,25,15138834,1661779964,0,516fa834,啊
253.56200,1,25,16765698,1661779743,0,9cc5c0ab,看看屏幕里的你自己
196.52500,1,25,16765698,1661779686,0,9cc5c0ab,“不存在”
75.09800,1,25,16765698,1661779565,0,9cc5c0ab,拒绝网暴     拒绝校园暴力
46.65300,1,25,16765698,1661779536,0,9cc5c0ab,拒绝网暴
26.74900,1,25,16765698,1661779516,0,9cc5c0ab,我又来了
10.76400,1,25,16777215,1661779379,0,4362e5fc,？
15.36700,1,25,16777215,1661779065,0,5d9a79bc,黄
79.44600,1,25,16777215,1661778888,0,93454e01,1
102.91500,1,25,16777215,1661778793,0,3d29084,0
89.33900,1,25,16777215,1661778737,0,76550992,？
30.56000,1,25,16777215,1661778344,0,a6cbdb1e,黄
215.43500,1,25,16776960,1661778337,0,bd5b0c6d,凶手死刑
206.19300,1,25,16776960,1661778328,0,bd5b0c6d,凶手死刑
192.08800,1,25,16776960,1661778313,0,bd5b0c6d,凶手死刑
101.13900,1,25,16777215,1661778183,0,58b69e20,？？
15.14600,1,25,16777215,1661778173,0,4f6ea4ad,凶手！
79.62100,1,25,16777215,1661778039,0,2f8e049d,啊？
80.03100,1,25,16777215,1661777827,0,a0d458c8,他人即地狱
74.52200,1,25,16777215,1661777785,0,e5b56ba,wC
43.31900,1,25,16777215,1661777768,0,40c64784,这个字是绿色的
87.25100,1,25,16777215,1661777427,0,7c378595,拒绝网暴
121.00300,1,25,16777215,1661777363,0,efcd72bf,拒绝网络暴力！！！！
52.05900,5,25,16777215,1661777340,0,145844aa,凶手不止一个
53.36400,1,25,16777215,1661777296,0,efcd72bf,拒绝网暴！！！
98.48100,1,25,16777215,1661776689,0,cbc6fe37,.
17.60800,1,25,16777215,1661776108,0,d6c276b9,每日一遍，拒绝网暴
55.12500,1,25,52480,1661775934,0,209c2dba,绿
25.68300,1,25,16777215,1661775867,0,707c03eb,？
90.81400,1,25,16646914,1661775761,0,abc3039d,？？？
68.73900,5,25,16777215,1661775521,0,fbd1716f,神曲
25.74300,1,25,16777215,1661775286,0,5d499a9d,黄
140.31900,1,25,16777215,1661775236,0,248af315,字里行间写满了吃人
240.25900,1,25,16707842,1661775192,0,17aeaf80,拒绝暴力
6.46500,1,25,16777215,1661774966,0,8b441c92,1
14.23900,1,25,16707842,1661774521,0,8e6a71f5,每天毙看
81.59700,1,25,9599289,1661774407,0,5a4fa8c,。。。。。
138.87000,1,25,16707842,1661774284,0,d9dd875f,拒绝网络暴力
125.66200,4,25,38979,1661774161,0,a0bbbd23,＂没杀人的杀人犯＂
77.65300,1,25,16777215,1661773976,0,de485ec1,！
81.52400,1,18,15138834,1661773969,0,a0bbbd23,彳亍
217.25500,1,25,16707842,1661773702,0,b130d53f,拒绝暴力
94.71000,1,25,15138834,1661773690,0,6911b8b1,健
78.87800,5,25,38979,1661773508,0,36bd7fe3,我知道了
206.35900,1,25,14811775,1661773436,0,5b85bc0b,请收下我的膝盖
17.71100,1,25,16777215,1661773288,0,aee0ede8,黄
105.19400,1,25,16647220,1661772205,0,d6da9686,。。。。
144.68100,1,25,16777215,1661772014,0,39d83171,。。。
51.60400,1,25,16777215,1661771989,0,abcc0a61,1
5.93400,1,25,16777215,1661771927,0,4c700cb8,黄
80.27300,1,25,16777215,1661771823,0,57930e8a,？
23.08700,1,25,16777215,1661771484,0,d7ba1ec3,黄
219.82000,1,25,16707842,1661771201,0,3f86e290,拒绝网络暴力！！！（传下去！！！）
36.86400,1,25,16777215,1661771163,0,f893e8e1,黄
132.05900,1,25,16765698,1661771132,0,5a222351,拒绝网络暴力
76.86000,1,25,16707842,1661771055,0,3f86e290,当雪崩的时候没有一片雪花是无辜的
33.65900,1,25,16707842,1661770575,0,dc0f5b4f,黄
7.11400,1,25,16777215,1661770431,0,82515089,？
35.30200,1,25,52480,1661770214,0,eb46312e,...
75.65300,1,25,52480,1661770180,0,270fc2a1,绿
95.37700,1,25,16777215,1661770092,0,f9a5741,？咋了
82.40400,1,25,16777215,1661770049,0,2a29a7a9,？？？？？？？？？？？？？？？？？
35.37600,1,25,52480,1661769788,0,f52dca28,黄色
33.32100,1,25,16777215,1661769776,0,f52dca28,啊
76.97900,1,25,16777215,1661769627,0,ec5ba472,唉
68.15400,1,25,38979,1661769318,0,eebb4426,？
64.99500,1,25,16777215,1661769306,0,eebb4426,？
75.66100,1,25,16777215,1661769228,0,b2a001c8,hello
218.25900,1,25,16777215,1661769171,0,df807728,拒绝网络暴力！
11.21900,1,25,16777215,1661769035,0,5ea21820,黄
217.67900,1,25,16777215,1661768956,0,66e59ed6,他们断章取义，无脑跟风，出口伤人，还不以为意
148.94800,1,25,16707842,1661768884,0,49ca91c3,拒绝网暴
70.52400,1,25,13369971,1661768816,0,b6fec624,弹幕颜色 无法变啊
13.26600,1,25,16777215,1661768816,0,97bdd851,黄？
56.69700,1,25,13369971,1661768802,0,b6fec624,哦？
159.79900,1,25,16777215,1661768790,0,66e59ed6,7，8年他一直身处这样的舆论漩涡里
37.81200,1,25,16777215,1661768783,0,b6fec624,？？？
53.79900,1,25,16777215,1661768322,0,27d9ce79,啊这
94.25900,1,25,16777215,1661768248,0,98f8ffdb,？
73.70300,1,25,16777215,1661768125,0,14459ca1,凶手不止一个
6.99500,1,25,16777215,1661768062,0,ff2351a3,每天毙看
85.15900,1,25,16777215,1661767983,0,6a2697a4,黄
11.46500,1,25,16777215,1661767946,0,24d59b9c,片
97.53900,1,25,11890,1661767923,0,b544fd6f,！
75.95000,1,25,16777215,1661767693,0,ff40fdf4,？
10.49100,1,25,16777215,1661767617,0,936c07f1,啊？
81.93200,1,25,16777215,1661767422,0,e4ed5400,。
257.66300,1,25,16777215,1661767395,0,7452aca8,每一个人都反对校园暴力。可是每个人都是校园暴力的始作俑者。
3.20800,1,25,52480,1661766826,0,90738015,绿
10.98500,1,25,16777215,1661766521,0,15c22522,每周必看
237.37700,1,25,16777215,1661766213,0,d6815dcb,拒绝暴击
104.80300,1,25,16777215,1661766081,0,be9313cf,唉……
21.05700,1,25,16776960,1661765966,0,f446b5cf,黄
98.35600,1,25,16777215,1661765945,0,af3f3068,？？？
252.88000,1,25,16777215,1661765881,0,f69a182a,分享一下，传给更多人
100.59800,1,25,16646914,1661765547,0,40b17c6c,？
81.40900,1,25,16777215,1661765500,0,b8d7e952,？
58.69400,1,25,16777215,1661765144,0,31d283d2,惶惶惶惶惶惶
47.51900,1,25,16777215,1661765133,0,31d283d2,黄黄黄
15.10600,1,25,16777215,1661765101,0,31d283d2,凶手不只一个
209.70600,1,25,16777215,1661764904,0,6b5f60e7,哇天
81.70200,1,25,16777215,1661764854,0,4d8f0d08,？
117.69700,1,25,16777215,1661764819,0,d3a75bb0,拒绝网络暴力！！！
145.79100,1,25,16777215,1661764647,0,232e941e,拒绝网络暴力
91.12200,1,25,16777215,1661764555,0,2cedaf40,你币有了
29.15300,1,25,16777215,1661764508,0,3d92a7e1,？
76.79100,1,25,16777215,1661764324,0,cd8a3f8,好家伙
58.15300,1,25,16777215,1661764285,0,de9fc42d,好牛
94.11500,1,25,16777215,1661764208,0,7452aca8,？
163.25100,1,25,16777215,1661764199,0,e99bd813,拒绝网络暴力
225.71200,1,25,16776960,1661763535,0,df1543c1,拒绝网暴！！！！！！！！！！1
33.14300,1,25,16777215,1661763525,0,5719a366,绿
12.79800,1,25,16777215,1661763434,0,c6f274f7,黄
130.71100,1,25,15138834,1661762539,0,6cc729ce,拒绝网络暴力
77.19300,1,25,16777215,1661762527,0,6074959b,6
79.93900,1,25,16777215,1661762415,0,1645ba4e,黄
19.55800,1,25,16707842,1661762355,0,769d26ed,黄
90.67500,1,25,10197915,1661761842,0,c3944a2e,0
232.69300,1,25,16777215,1661761816,0,f389f241,拒绝暴力（传下去！！！）
7.33700,1,25,16777215,1661761791,0,2b2dd94,黄
17.68100,1,25,16777215,1661761699,0,6aa50242,？
111.85900,1,25,16777215,1661761440,0,567e34f6,哇哦
96.58100,1,25,16777215,1661761165,0,76202c8b,?
5.33400,5,25,15138834,1661761017,0,cd3f5f13,东方快车谋杀案是吧
83.40000,1,25,16777215,1661760987,0,55969159,!
89.53900,5,25,15138834,1661760559,0,c176db88,拒绝网暴
60.72900,1,25,16777215,1661760283,0,b29895cf,黄？
259.69600,1,25,16777215,1661760191,0,1ebcfeb2,拒绝暴力
89.15900,1,25,16777215,1661760173,0,389e27ae,为什么
121.42200,1,25,16777215,1661760052,0,1ebcfeb2,拒绝网络暴力
113.83900,1,25,16777215,1661759887,0,96c3e1ca,拒绝网暴
136.20000,1,25,16777215,1661759761,0,db5348fa,凶手不止一个？！！(ﾟ⊿ﾟ)
43.50200,1,25,16777215,1661759474,0,f6cc19fe,？
135.08400,1,25,16777215,1661759431,0,1e8e5bd8,拒绝网络暴力
47.93900,1,25,16777215,1661759345,0,1e8e5bd8,强制变黄
82.03000,1,25,16777215,1661759214,0,4bf18e76,????
15.96400,1,25,16777215,1661759100,0,a8ef5f99,黄
22.22800,1,25,16777215,1661758833,0,9a553c1,黄
60.79000,1,25,2236962,1661758728,0,1ff3201d,。。。
236.66300,1,25,16777215,1661758713,0,79a0d5ce,拒绝网络暴力
223.51000,1,25,16777215,1661758698,0,79a0d5ce,拒绝暴力（传下去！！！）
24.27000,1,25,16777215,1661758692,0,1ff3201d,、
68.78200,1,25,16777215,1661758610,0,fb4fafda,？
90.56900,1,25,16777215,1661758605,0,15efaaee,哎
46.61100,1,25,16707842,1661758393,0,b6e79584,。
34.62400,1,25,16707842,1661758379,0,b6e79584,黄
129.23900,1,25,16777215,1661758297,0,96b24904,拒绝网暴
123.58100,1,25,16777215,1661758291,0,96b24904,拒绝网暴
117.22400,1,25,16777215,1661758285,0,96b24904,拒绝网暴
108.20700,1,25,16777215,1661758276,0,96b24904,拒绝网暴
13.88700,1,25,16777215,1661758245,0,e95e7f8a,啊这
26.61300,1,25,16777215,1661758020,0,3ba59d2a,黄色？
18.25400,1,25,16777215,1661758011,0,3ba59d2a,黄
23.70400,1,25,16777215,1661757468,0,f8ace648,huan
98.49400,1,25,16776960,1661757261,0,dd386b4e,黄
33.07000,1,25,16777215,1661757123,0,e9ddd510,?
67.50500,1,25,16777215,1661756509,0,6bac5953,反思一下
82.29900,1,25,16777215,1661756444,0,3cebcd04,。。。
233.53300,1,25,16707842,1661756406,0,12c1e5a0,拒绝网络暴力，拒绝校园暴力
210.55400,1,25,16777215,1661756248,0,48a45df7,拒绝暴力（传下去！！！）
16.56100,1,25,16777215,1661756063,0,e9babfa2,？？？？？
71.64100,1,25,16777215,1661755989,0,4ee8faf,?
73.51400,1,25,16777215,1661755889,0,aa7c52f6,！
90.61300,1,25,16777215,1661755879,0,393c4fae,牛
80.71600,1,25,16777215,1661755826,0,f3142bf6,黄
75.69900,1,25,16777215,1661755703,0,6b644c5b,？
22.46100,1,25,16777215,1661755397,0,1f6b9dc1,荒
109.52100,1,25,16777215,1661755373,0,f44f741d,宝藏！
62.02800,4,25,16776960,1661754888,0,e465502c,黄
15.54100,1,25,16777215,1661754579,0,e99bd813,一天一遍
15.18500,1,25,16777215,1661754403,0,89b69a81,黄
136.66600,1,25,16777215,1661753812,0,b0b31c8a,拒绝网暴
263.10000,1,25,16776960,1661753798,0,1d23ed12,继续说下去！
242.52600,1,25,16776960,1661753774,0,1d23ed12,拒绝暴力！
27.34200,1,25,16777215,1661753275,0,eeeec27c,什么
98.61900,1,25,16777215,1661753185,0,cba49944,.
73.61900,1,25,16777215,1661753095,0,fac827bd,！
237.48600,1,25,16777215,1661752979,0,da1ac5b5,拒绝暴力！！！！！！！！！！！
47.50600,1,25,16777215,1661752905,0,8e5c44a7,。
83.99900,1,25,16777215,1661752773,0,abeada35,黄色
36.88400,1,25,16777215,1661752712,0,53717c07,oh♂耶
15.04500,1,25,16777215,1661752690,0,53717c07,变
141.50200,1,25,16707842,1661752540,0,379df7d5,拒绝网络暴力！！！！
81.19100,1,25,15138834,1661752140,0,483350ff,～
88.85900,1,25,16777215,1661751892,0,94c76f47,拒绝暴力
69.18500,1,25,16776960,1661751780,0,3d08d869,请不要网络暴力
248.41300,1,25,16776960,1661751776,0,96b24904,拒绝暴力
78.01900,1,25,6830715,1661751380,0,355bef9b,emm
73.71900,1,25,16777215,1661751189,0,dad3a8a1,1
84.13100,1,25,16777215,1661750972,0,2f6be1c7,.
28.05100,1,25,16777215,1661750858,0,ab05efa0,？
221.79800,1,25,16707842,1661750722,0,799cecdc,聚聚暴力
72.05000,1,25,16777215,1661750613,0,7991db3c,啊
47.62100,1,25,16777215,1661750605,0,520e53d2,？
77.69900,1,25,16777215,1661750272,0,e60ab677,emmm
77.99200,1,25,16777215,1661750239,0,af91af17,.....
83.00500,1,25,38979,1661749835,0,8a6c83ef,？？？
9.17900,1,25,16777215,1661749484,0,81edf31b,？
202.87500,1,25,16776960,1661749465,0,453a22c6,拒绝网络暴力
22.33400,1,25,16777215,1661749428,0,212209a5,啊啊啊啊
80.43100,1,25,16777215,1661749309,0,f83db35d,。
216.18900,1,25,16777215,1661749105,0,f110ae79,原来我们都是凶手
102.55300,1,25,15138834,1661749019,0,ca40206e,？
86.90600,1,25,16777215,1661749004,0,ca40206e,诶？
91.03600,1,25,16777215,1661748954,0,48a71d17,woc nb
40.33400,1,25,9487136,1661748932,0,39de9570,强制变黄
31.28900,1,25,9487136,1661748912,0,39de9570,？？？
97.03800,1,25,16777215,1661748701,0,a9dbb104,鬼畜，但想哭
85.18200,1,25,16646914,1661748625,0,74cd088f,拒绝网暴
86.07400,1,25,16777215,1661748554,0,292c6804,?
85.27300,1,25,16777215,1661748250,0,906e8b7f,!
209.66100,1,25,16777215,1661747876,0,7fcd83f3,拒绝网络暴力！
92.34000,1,25,16777215,1661747789,0,83a4a311,凶手不止一个
91.84900,1,25,16777215,1661747755,0,f13bab68,？
12.97400,1,25,16777215,1661747658,0,a253c8c8,黄
91.33400,1,25,16777215,1661747651,0,5591f0b6,拒绝网暴
174.79300,5,25,16777215,1661747201,0,a2ac3693,又是受害者有罪论
20.99400,1,25,52480,1661747137,0,ac4a9394,嗨嗨嗨
166.85800,1,25,16777215,1661747012,0,685e115,想起开推
19.95900,1,25,15138834,1661746866,0,196625f0,黄
12.97900,1,25,38979,1661746851,0,196625f0,黄
167.75000,1,25,16765698,1661746821,0,db1a3206,拒绝网络暴力
26.76000,1,25,16777215,1661746691,0,1d034b11,1
22.97400,1,25,16777215,1661746423,0,5c04bffb,黄
79.85900,1,25,15138834,1661746250,0,21f107fa,“枪响了”“你看到是​谁开的​枪吗”“我看不清，他站在道德制高点，他在阳光下”丹麦电影——《狩猎》​
38.34200,1,25,16777215,1661745978,0,42a52e9,？
80.75900,1,25,16777215,1661745762,0,7b3dbe6a,。。。
77.85900,1,25,16777215,1661745645,0,f11e6895,。
80.19100,1,25,16777215,1661745590,0,5bd0cfa,黄
14.01200,1,25,16777215,1661745311,0,a65415b8,“凶手不止一个”
137.45900,1,25,16707842,1661744971,0,603fbc14,拒绝网络暴力！！！！
52.04000,1,25,16777215,1661744874,0,89d5a6c8,哈哈我是白的
11.36900,1,25,16777215,1661744794,0,cdfea442,啊
94.97900,5,25,16777215,1661744728,0,a603d278,拒绝网络暴力
101.31100,1,25,16777215,1661744398,0,ae92103f,罗翔老师说过：评判他人一定不要站在感性的角度，要把自己带入受害者去，可现实里有多少人是这么做的呢​
8.93900,1,25,16777215,1661744364,0,a86c2f36,？
245.09900,1,25,16777215,1661744237,0,94bfc828,痛，太痛了
78.91900,1,25,16777215,1661744018,0,94bfc828,拒绝网络暴力
78.48400,1,25,16777215,1661743776,0,d20bb1a3,?
54.68900,1,25,52480,1661743461,0,e78eef9e,我应该不是黄色的吧
250.17700,1,25,16777215,1661742823,0,83fadf4,我审视我自己
86.14400,1,25,16777215,1661742754,0,83fadf4,？
18.31100,1,25,16777215,1661742640,0,a6f290e8,？
79.59300,1,25,16777215,1661742637,0,f7a97d34,哦
21.16000,1,25,16707842,1661742554,0,9021c13d,黄
81.93500,1,25,16777215,1661742245,0,e6d0b3b3,？
109.95600,1,25,16777215,1661742153,0,b54289e5,绿
49.14800,1,25,52480,1661742152,0,6af20cad,嗨嗨
102.24700,1,25,38979,1661742033,0,b4ac7971,啊
84.74900,5,25,16777215,1661742026,0,76ff7cb2,拒绝网暴
135.32000,1,25,16777215,1661742022,0,e2f347fc,我为你打出三连
78.85900,1,25,16777215,1661741941,0,b065be3f,啊
81.33000,1,25,16777215,1661741890,0,d6111e,这
249.26200,1,25,16777215,1661741754,0,b2de9b63,拒绝暴力（传下去！！！）
9.72000,1,25,16777215,1661741736,0,e82e5358,片
93.37100,1,25,16776960,1661741707,0,b703e883,拒绝网暴！！！！！！！！！！
231.48800,1,25,16777215,1661741067,0,f8513183,拒绝暴力
215.71000,1,25,16777215,1661741051,0,f8513183,拒绝暴力（传下去！！！）拒绝暴力（传下去！！！）
205.54200,1,25,16777215,1661741041,0,f8513183,拒绝网暴
188.67800,1,25,16777215,1661741024,0,f8513183,拒绝网暴
60.00200,1,25,16707842,1661740983,0,be5ba498,好绿呀
25.12800,1,25,16707842,1661740948,0,be5ba498,黄
213.54300,1,25,16777215,1661740791,0,76b0b0ea,无法杜绝....人口基数太大了....要杜绝得好久好久
124.88700,1,25,16777215,1661740708,0,d50674e6,拒绝网暴
49.37900,1,25,16777215,1661740590,0,ce0f6bae,拒绝网络暴力
81.07500,1,25,16777215,1661740291,0,9d678e3,！
7.57200,1,25,16777215,1661739869,0,a27d8fc5,！
80.21300,1,25,16777215,1661739717,0,a173a8e5,？
80.35900,1,25,16777215,1661739614,0,4a444c46,n
78.45900,1,25,16777215,1661739604,0,4a444c46,？
92.20700,1,25,16707842,1661739503,0,47b86939,。
119.04700,1,25,16777215,1661739440,0,90528f2d,拒绝网暴
109.63800,1,25,41194,1661739377,0,fa2b6003,对啊
166.71700,1,25,16707842,1661739359,0,b7624d5e,字里行间都写着网暴
12.01900,1,25,38979,1661739044,0,df12f3d4,混入其中
16.80000,1,25,16777215,1661738923,0,71c70758,黄！
98.10900,1,25,16777215,1661738799,0,76758b72,对啊
227.13500,1,25,16777215,1661738708,0,bd7191bf,拒绝网络暴力从我做起！
60.61400,1,25,16777215,1661738533,0,8ca33d92,6
80.28200,1,25,16777215,1661738403,0,a0e45f6c,hi.
97.87400,1,25,16777215,1661738018,0,c7909c02,？
148.63900,1,25,16707842,1661737196,0,fc31e7fa,拒绝网络暴力
85.34100,1,25,16707842,1661737132,0,fc31e7fa,震惊
46.38700,1,25,16776960,1661736935,0,fc243aa3,黄？
79.98600,1,25,16646914,1661736906,0,15ad5e79,黄色的诶
78.06200,1,25,16777215,1661736882,0,15ad5e79,?
223.05900,1,25,16707842,1661735616,0,be775eaa,拒绝网络暴力！！！
107.04000,1,25,16777215,1661734269,0,a83863f0,.
28.64900,1,25,16777215,1661734246,0,826a3809,黄
19.74500,1,25,16776960,1661734172,0,a83863f0,nb!
67.70300,1,25,10546688,1661734113,0,47ee23ea,........
48.39200,1,25,16776960,1661732669,0,2891ca72,黄黄黄黄黄黄黄黄黄黄黄黄黄黄黄黄黄黄黄黄黄黄黄黄黄黄黄黄
25.08900,1,25,16777215,1661732651,0,2891ca72,嗨嗨嗨
114.99300,1,25,16777215,1661732267,0,61f38b83,拒绝网络暴力
111.24400,1,25,16777215,1661732257,0,61f38b83,，
21.86600,1,25,16777215,1661731989,0,4426fcab,...
66.52900,1,25,16765698,1661731942,0,f6c104d3,wc太真实了
73.44600,1,18,16777215,1661731620,0,e96434be,",,,"
18.65700,1,25,16707842,1661729851,0,275f2e09,黄
98.37900,1,25,38979,1661723454,0,b561d2ba,太好了，我是黄色
94.89900,1,25,16777215,1661723435,0,b561d2ba,？
205.97400,5,25,16707842,1661720198,0,7b53f308,拒绝暴力（传下去！！！）拒绝暴力（传下去！！！）
104.46400,5,25,16776960,1661718391,0,bf74a774,哈？为啥都是黄色？【每周必看】
207.38000,1,25,13369971,1661716468,0,a4a3c8ba,我只能挺立着。要断了……
137.91900,1,25,16777215,1661714713,0,838d0c84,真是太友善了
227.15100,1,25,16777215,1661713233,0,8255e71e,拒绝网络暴力！！！
35.75600,1,25,16777215,1661707961,0,d236229c,？
165.28000,1,25,16776960,1661707833,0,4d16d8f0,拒绝网暴
172.60900,1,25,16777215,1661704574,0,63888b00,拒绝网络暴力和校园欺凌（给我传下去）
86.28400,1,25,16777215,1661703051,0,17f34847,就怕鬼畜动真情啊
77.58400,1,25,16777215,1661703031,0,17f34847,？
24.80800,1,25,15138834,1661701034,0,b220d372,黄
3.06200,1,25,16777215,1661700341,0,f8d187c,色
0.54200,1,25,16777215,1661700335,0,f8d187c,黄
88.08400,1,25,16777215,1661700330,0,9be679d0,？
45.49900,1,25,16777215,1661700330,0,4affe538,必看
19.20300,1,25,16707842,1661700243,0,3233bbae,黄
2.83600,1,25,16777215,1661700240,0,9be679d0,黄
45.09900,1,25,16777215,1661699442,0,7507953a,？
238.59000,1,25,16707842,1661699434,0,2d20cd6d,啊啊啊啊啊啊
232.21900,1,25,16707842,1661699268,0,b0cc0a60,拒绝网络暴力
84.90200,1,25,16707842,1661699267,0,2d20cd6d,为啥全是黄色？
223.48300,1,25,16707842,1661699060,0,cadd3de1,拒绝暴力(传下去！！！)
174.17000,1,25,16777215,1661698855,0,4e22697,这是鬼畜
6.01400,1,25,16777215,1661698201,0,c1fd1799,黄
263.10000,1,25,16777215,1661698127,0,fe7f923a,：“{P}？”
58.57500,1,25,16777215,1661698003,0,93f1fbfc,什么
15.40300,1,25,16777215,1661697757,0,30f2c973,黄
71.05300,1,25,16765698,1661697683,0,9289c230,111
63.18300,1,25,16765698,1661697675,0,9289c230,1
4.40300,1,25,16777215,1661697503,0,879b99ec,？
25.77400,1,25,16777215,1661697329,0,299e5101,强
55.74000,1,25,16777215,1661697175,0,b60eb4c7,黄
46.73700,1,25,16777215,1661697160,0,b60eb4c7,黄黄黄黄黄黄黄黄黄黄黄黄黄黄黄黄黄黄黄黄黄黄黄黄黄黄黄黄
249.78300,1,25,16707842,1661696948,0,ac3ebda2,拒绝网络暴力（传下去！！！）
102.16000,1,25,16777215,1661696842,0,bcb30a2,123
217.04200,1,25,16777215,1661696799,0,e05e90bb,拒绝网络暴力，拒绝校园暴力
127.49900,1,25,16777215,1661696288,0,4593c32b,。
100.43500,1,25,16777215,1661696187,0,5c163cbc,？
148.05300,1,25,16777215,1661696187,0,a09a54ce,拒绝网暴
24.71000,1,25,16777215,1661695759,0,24a2328,这弹幕。。。
64.68500,1,25,16777215,1661695149,0,481218d0,。
83.08900,1,25,15138834,1661694911,0,8fbda291,。。
73.66200,1,25,16777215,1661694894,0,8fbda291,黄
82.69900,1,25,16777215,1661694835,0,ed5d426f,黄
24.92900,1,25,16777215,1661694774,0,367c0d86,黄
25.95100,1,25,16777215,1661694432,0,2333291e,黄
63.99900,1,25,16777215,1661694334,0,ce4c33e4,w w w
7.91900,1,25,16777215,1661693975,0,e25fb459,好耶
10.69600,1,25,16777215,1661693956,0,ae4a3495,黄？
103.11100,1,25,16777215,1661693871,0,9d5012e5,？
80.63000,1,25,16777215,1661693806,0,69be6ac,好
175.22600,1,25,16777215,1661693788,0,923c03ef,拒绝网暴
88.34800,1,25,16777215,1661693701,0,923c03ef,…
211.25900,5,25,15138834,1661693516,0,2a23976,拒绝网络暴力 传下去 （超大声）
128.69900,5,25,15138834,1661693379,0,2a23976,拒绝网络暴力
66.95900,1,25,15138834,1661693301,0,283f333e,？？？？？
48.49900,5,25,15138834,1661693284,0,2a23976,黄啦的说
102.13900,1,25,38979,1661693263,0,918f2b7c,？
96.21900,1,25,16777215,1661693246,0,918f2b7c,？
208.39900,1,25,16707842,1661692885,0,b4376cd,拒绝任何形式的暴力！！！
209.21300,1,25,16777215,1661692853,0,ca723944,这世界没有善，有也只有一丝光明
58.99800,1,25,16777215,1661692771,0,fc5fc2d7,？
223.40000,1,25,16646914,1661692698,0,985fdfb8,在群体影响下没有个体可以置身事外
212.29100,1,25,16777215,1661692603,0,1010c556,拒绝网络暴力
147.63100,1,25,9599289,1661692278,0,3bc630f0,拒绝网络暴力
236.12600,1,25,16777215,1661692196,0,a966703d,拒绝网络暴力
5.02700,1,25,16777215,1661692068,0,8e1bfae6,拒绝暴力（传下去！！！）
56.72300,1,25,16777215,1661691850,0,695398bc,。
256.79500,1,25,16776960,1661691842,0,51996880,拒绝网暴拒绝网暴拒绝网暴拒绝网暴拒绝网暴拒绝网暴拒绝网暴拒绝网暴拒绝网暴拒绝网暴拒绝网暴拒绝网暴拒绝网暴拒绝网暴拒绝网暴拒绝网暴拒绝网暴拒绝网暴拒绝网暴拒绝网暴拒绝网暴拒绝网暴拒绝网暴拒绝网暴拒绝网暴
244.17900,1,25,16776960,1661691829,0,51996880,拒绝暴力（传下去！！！）
223.54200,1,25,16776960,1661691809,0,51996880,拒绝暴力
67.31800,1,25,16777215,1661691782,0,75168ab2,！！！
62.60000,5,25,16777215,1661691732,0,952931a8,凶手不止一个！
11.57900,1,25,16777215,1661691670,0,724bb764,阿这
53.36000,1,25,16777215,1661691540,0,ecd77667,、、、、、
20.31500,1,25,16777215,1661691507,0,d71815da,黄
84.41800,1,25,16777215,1661691429,0,f681ba43,????
95.92300,1,25,16777215,1661691341,0,42ea9b50,？？？？
113.72300,1,25,16777215,1661691029,0,39d7b6db,在这里，温馨提示显得十分讽刺
235.56600,1,25,16776960,1661690826,0,b7be6b1e,拒绝暴力（传下去！！！）
260.09500,4,18,52480,1661690808,0,7afdc616,拒绝校园暴力
16.28000,1,25,16777215,1661690793,0,51996880,什么鬼
220.62300,1,25,52480,1661690769,0,7afdc616,拒绝校园暴力
213.95200,1,25,52480,1661690762,0,7afdc616,拒绝校园暴力
101.49800,1,25,16777215,1661690758,0,be600571,。。
18.96000,1,25,16777215,1661690598,0,8dfab12,???
100.01900,1,25,16777215,1661690571,0,7417a572,？6
5.21600,5,25,16776960,1661690535,0,2e8e8ea4,黄
127.84100,1,25,16646914,1661690306,0,3df8976c,拒绝网络暴力
121.10600,1,25,16777215,1661689985,0,b41671c,拒绝网络暴力
25.43500,1,25,16707842,1661689245,0,be4b0f32,！！！！！！！！！！！！！！！！！！！！！！！！！！！！
16.08700,1,25,16777215,1661689159,0,91dfdda4,片
26.65900,1,25,16777215,1661689137,0,e33d0fc,恭喜解锁新姿势不对劲
20.21900,1,25,16777215,1661689128,0,e33d0fc,wwww
115.30100,1,25,16777215,1661688974,0,30bab9f0,拒绝网暴
112.74100,1,25,16707842,1661688961,0,30bab9f0,拒绝网暴
113.49000,1,25,16777215,1661688904,0,acbd9139,拒绝网暴
224.61900,1,25,16707842,1661688873,0,874a0e51,拒绝网络暴力！
20.15900,5,25,38979,1661688226,0,9f124d8b,、
12.05900,5,25,38979,1661688214,0,9f124d8b,黄
227.67500,1,25,15138834,1661687785,0,e0dbd837,花应该绽放，而不是被扼杀，拒绝任何形式的暴力，向暴力说不！
201.67500,1,25,15138834,1661687716,0,e0dbd837,为受害者发声，拒绝网络暴力，校园欺凌
175.95500,1,25,15138834,1661687465,0,e0dbd837,拒绝校园欺凌，为每一个受害者发声！！！
100.79500,1,25,9487136,1661687457,0,111eee2a,拒绝网络暴力，加油老师！
91.45400,1,25,9487136,1661687439,0,111eee2a,?
153.71500,1,25,15138834,1661687396,0,e0dbd837,拒绝网络暴力延伸到现实，拒绝校园欺凌，向暴力说NO！！！
134.99500,1,25,15138834,1661687307,0,e0dbd837,我们要为受害者发声，拒绝网络暴力，拒绝加害者
120.12800,1,25,16777215,1661687213,0,a8347c35,拒绝网暴
66.12300,1,25,15138834,1661687024,0,e0dbd837,凶手不止一个，是千千万万的躲在屏幕后面的键盘侠。
47.89900,1,25,16777215,1661687019,0,118878ab,好
2.08800,1,25,16777215,1661686985,0,19426183,黄
2.08800,1,25,16777215,1661686977,0,19426183,每周必看
16.51300,1,25,15138834,1661686909,0,e0dbd837,拒绝任何暴力，不管是网络暴力还是校园欺凌，应该是people help people，而不是people hurt people.
9.86400,1,25,16777215,1661686748,0,1c86094f,？
6.73900,1,25,16777215,1661686665,0,e0dbd837,“凶手不止一个”
51.01900,1,25,16777215,1661686572,0,d7a20435,我靠
48.85900,1,25,16777215,1661686566,0,d7a20435,黄的吗？
99.28000,1,25,41194,1661686531,0,84950c1d,？
113.04100,1,25,16776960,1661686504,0,841fe904,为什么全是黄？
92.89000,1,25,16776960,1661686484,0,841fe904,为什么全是黄？
84.45700,1,25,16776960,1661686476,0,841fe904,为什么全是黄？
54.52600,1,25,16776960,1661686363,0,841fe904,eeeeeeeeeeeeeeeeeeeeeeee
47.57400,1,25,16776960,1661686356,0,841fe904,eeeeeeeeeeeeeeeeeeeeeeeeeeeeeeee
13.35500,1,25,16777215,1661686122,0,ac3f0ad2,黄
49.04400,5,25,16707842,1661685779,0,601ff83a,黄
240.93700,1,25,16777215,1661685394,0,b2be2d07,拒绝暴力（传下去！！！）
11.03900,1,25,16777215,1661685212,0,14b84f7b,黄
220.01900,1,25,16777215,1661685103,0,b389fbf7,拒绝暴力（传下去！！！）
56.86700,1,25,16777215,1661684856,0,5eecaa48,牛
245.93900,1,25,16777215,1661684727,0,7cabf9f0,拒绝暴力（传下去！！！）
75.45700,1,25,16777215,1661683957,0,2fc382d1,牛
53.71500,1,25,16707842,1661683873,0,91f5075c,入站必刷
9.89900,1,25,16777215,1661683787,0,91f5075c,黄
32.68500,1,25,16777215,1661683491,0,a674bad9,l
216.07900,1,25,16777215,1661683479,0,6f5b70fb,拒绝暴力（传下去！！！）
8.65900,1,25,16777215,1661683350,0,c1c438c0,豁
14.10800,1,25,16777215,1661683333,0,2396c6cb,……
45.19900,1,25,15138834,1661683183,0,cbfd34bd,永远支持
156.25900,1,25,16777215,1661683068,0,26844d2b,就这样吧
16.43900,1,25,16707842,1661682996,0,678fe24f,黄
230.08800,1,25,16777215,1661682925,0,a0c8162a,拒绝暴力（传下去！！！）
223.12800,1,25,16777215,1661682916,0,a0c8162a,拒绝网络暴力
28.31900,1,25,16707842,1661682753,0,559d2f11,黄
59.75500,1,25,16777215,1661682630,0,5950e085,白
47.67900,1,25,9599289,1661682059,0,6544190d,我靠
42.33900,1,25,16777215,1661682049,0,6544190d,？
126.26500,1,25,16777215,1661682035,0,e9cbe7f4,啊哈
114.52700,1,25,16777215,1661681883,0,263345ba,？
20.56800,1,25,16777215,1661681761,0,25b9fa76,黄
254.86700,1,25,16777215,1661681551,0,6a7096e8,拒绝暴力 拒绝网暴
24.91500,1,25,16777215,1661681390,0,23e81979,多么讽刺啊
113.19300,1,25,41194,1661681211,0,c733f8ba,厉害
166.19400,1,25,16777215,1661681088,0,1fdd8d4c,不要在网络世界妄加评论
222.01900,1,25,16707842,1661680831,0,e39f066e,拒绝暴力(传下去！！！)
70.57500,1,25,16777215,1661680614,0,416396c6,?
2.82800,1,25,16777215,1661680298,0,2d7d2d62,片
73.34800,1,25,104601,1661679320,0,d63eb4fe,嘿嘿
67.68900,1,25,16777215,1661679294,0,de8542d1,？
63.37400,1,25,16646914,1661679185,0,41b01e80,黄
